Page,Meta description
https://wertymsd.github.io/pywhatsapp/,Descargue la herramienta  para conectar su CRM Teamleader con IA y su telefono Android. Podra abrir de forma automática la ficha que le llama o crearla con un asistente IA. Ademas usando su compañía telefónica habitual.
https://wertymsd.github.io/pywhatsapp/castellano/App-Call-remoto/,"Use su PC de Microsoft Windows como marcador remoto para la gestión de llamadas entrantes y salientes y para escribir y recibir mensajes SMS. Busque las llamadas entrantes perdidas en su registro de llamadas, leer su SMS y utilizar los contactos del teléfono para la marcación y la creación de mensajes SMS. Todo desde su escritorio de Windows a través de Wi-Fi o Bluetooth ...."
https://wertymsd.github.io/pywhatsapp/castellano/api-teamleader/,"Es necesario generar un código de enlace con teamleader desde la gestión de API de teamleader
Puede ver el siguiente video para visualizar los paso a seguir:
REGISTRO API PARA TEAMLEADER - YouTube"
https://wertymsd.github.io/pywhatsapp/castellano/centralita-crm-ia-teamleader/,"La integración la aplicación CRM-Teamleader  le aporta mayores beneficios en sus comunicaciones porque le permite mejorar la gestión de tiempo y de los recursos. Esta integración de la centralita destaca por la marcación de un solo clic al lanzar las llamadas, registro automático con la información detallada de las llamadas  y mucho más, que garantiza que tenga todos los datos de los clientes a mano y sea más efectiva las comunicaciones. Apertura automática de la ficha de Teamleader con contenga el numero entrante o saliente."
https://wertymsd.github.io/pywhatsapp/castellano/creacion-nuevo-registros-teamleader/,"¿Alguna vez ha recibido una llamada de un número desconocido y se ha preguntado quién era? 

Ahora, con nuestra herramienta de IA para identificar a los que llaman, puede averiguarlo fácilmente.

 Nuestra herramienta se conecta a su teléfono Android y utiliza la IA para identificar a la persona que llama. 

En cuestión de segundos, le proporcionará una lista de posibles coincidencias, junto con información como su nombre, empresa y número de teléfono.

Esta información puede ser invaluable para las empresas que necesitan identificar a los clientes potenciales o para las personas que simplemente quieren saber quién está llamando."
https://wertymsd.github.io/pywhatsapp/castellano/inicio-rapido-centralita-teamleader/,1º Descarga Gratuita Herramienta Centralita
https://wertymsd.github.io/pywhatsapp/castellano/link-descarga-software-centralita-teamleader/,Descargue aqui la herramienta para conectar su CRM Teamleader con IA y su telefono Android.
https://wertymsd.github.io/pywhatsapp/castellano/pantalla-configuracion-centralita-teamleader/,Pantalla de parametrización de la aplicación con la siguientes opciones:
